expid,count,exp,start_second,alpha,use_data_perc,accuracy,time
1,8,1.02,10,0.001,0.330,0.5887215282880235,22110
2,8,1.05,10,0.001,0.330,0.5726689316723291,10884
3,8,1.1,10,0.001,0.330,0.6262663473936269,10844
4,8,1.2,10,0.001,0.330,0.6504799548277809,10280
5,8,1.3,10,0.001,0.330,0.6843885027240278,12092
6,8,1.35,10,0.001,0.330,0.7333951762523191,12186
7,8,1.375,10,0.001,0.330,0.7643593519882179,11486
8,8,1.4,10,0.001,0.330,0.7269516728624535,12405
9,8,1.425,10,0.001,0.330,0.7930644553335846,10813
10,8,1.45,10,0.001,0.330,0.843896934361482,10319
11,8,1.5,10,0.001,0.330,0.750461084470675,9926
12,8,1.7,10,0.001,0.330,0.7329715568862275,12511
13,8,1.85,10,0.001,0.330,0.7636057602393865,9740
14,8,2.0,10,0.001,0.330,0.695071482317532,14593
15,8,2.2,10,0.001,0.330,0.7605272793848408,11685
16,8,2.4,10,0.001,0.330,0.69388134647573,10924
17,16,1.02,10,0.001,0.330,0.5615754437869822,27409
18,16,1.05,10,0.001,0.330,0.600218459858001,24005
19,16,1.1,10,0.001,0.330,0.6510204081632653,26997
20,16,1.2,10,0.001,0.330,0.8091045335331585,20925
21,16,1.3,10,0.001,0.330,0.7540186915887851,21253
22,16,1.35,10,0.001,0.330,0.7485661424606845,23294
23,16,1.375,10,0.001,0.330,0.779510022271715,24920
24,16,1.4,10,0.001,0.330,0.7321024868123587,21216
25,16,1.425,10,0.001,0.330,0.7356819894498869,22065
26,16,1.45,10,0.001,0.330,0.7547274749721913,22982
27,16,1.5,10,0.001,0.330,0.7737607156168468,22584
28,28,1.02,10,0.001,0.330,0.6013538924407672,39841
29,28,1.05,10,0.001,0.330,0.6299461266951514,29338
30,28,1.1,10,0.001,0.330,0.7000741015190811,35629
31,28,1.2,10,0.001,0.330,0.6789756912228614,32014
32,48,1.02,10,0.001,0.330,0.6508085746521248,52389
33,48,1.05,10,0.001,0.330,0.7490650710545999,50978
34,48,1.1,10,0.001,0.330,0.8084903864458405,57980
35,8,1.02,20,0.001,0.330,0.6486636971046771,10934
36,8,1.05,20,0.001,0.330,0.6639283047050037,10760
37,8,1.1,20,0.001,0.330,0.6865837817776953,12273
38,8,1.2,20,0.001,0.330,0.6917137476459511,11461
39,8,1.3,20,0.001,0.330,0.7936507936507936,10448
40,8,1.35,20,0.001,0.330,0.8406330511593669,11518
41,8,1.375,20,0.001,0.330,0.7583410138248848,9582
42,8,1.4,20,0.001,0.330,0.7786018913406267,8678
43,8,1.425,20,0.001,0.330,0.7797585886722377,8544
44,8,1.45,20,0.001,0.330,0.7595078299776287,8982
45,8,1.5,20,0.001,0.330,0.761154357319157,9366
46,8,1.7,20,0.001,0.330,0.7776293185722466,9150
47,8,1.85,20,0.001,0.330,0.7793332105360103,10597
48,8,2.0,20,0.001,0.330,0.7481126864297551,11743
49,8,2.2,20,0.001,0.330,0.7676230286908607,10050
50,16,1.02,20,0.001,0.330,0.6131153701615933,23972
51,16,1.05,20,0.001,0.330,0.6577470059880239,27666
52,16,1.1,20,0.001,0.330,0.7187853640135797,22936
53,16,1.2,20,0.001,0.330,0.7593999240410179,17872
54,16,1.3,20,0.001,0.330,0.7308914221640814,19705
55,16,1.35,20,0.001,0.330,0.7504617657923901,19678
56,16,1.375,20,0.001,0.330,0.7738721804511278,21673
57,16,1.4,20,0.001,0.330,0.7688321302979826,24615
58,16,1.425,20,0.001,0.330,0.7776745913818722,24658
59,16,1.45,20,0.001,0.330,0.7453358208955224,21991
60,28,1.02,20,0.001,0.330,0.6040180247840781,34623
61,28,1.05,20,0.001,0.330,0.682011462377519,33809
62,28,1.1,20,0.001,0.330,0.7669102492036725,29075
63,28,1.2,20,0.001,0.330,0.7087751371115174,33001
64,48,1.02,20,0.001,0.330,0.6903060289536376,47740
65,48,1.05,20,0.001,0.330,0.8516473403276275,42942
66,48,1.1,20,0.001,0.330,0.7122659533817348,54467
67,8,1.02,45,0.001,0.330,0.6645721678063204,9950
68,8,1.05,45,0.001,0.330,0.6666055382358335,11507
69,8,1.1,45,0.001,0.330,0.7038281979458451,12064
70,8,1.2,45,0.001,0.330,0.771252492296538,10047
71,8,1.3,45,0.001,0.330,0.7676842889054356,8638
72,8,1.35,45,0.001,0.330,0.7645392749244713,9270
73,8,1.375,45,0.001,0.330,0.7303286384976526,10100
74,8,1.4,45,0.001,0.330,0.735105580693816,10530
75,8,1.425,45,0.001,0.330,0.7435406698564593,10004
76,8,1.45,45,0.001,0.330,0.7720216944080793,9366
77,8,1.5,45,0.001,0.330,0.7754564276303407,9729
78,8,1.7,45,0.001,0.330,0.8118190212373038,10588
79,8,1.85,45,0.001,0.330,0.7704177643959352,10846
80,8,2.0,45,0.001,0.330,0.7483133433283359,10111
81,16,1.02,45,0.001,0.330,0.6344775556393814,21263
82,16,1.05,45,0.001,0.330,0.7565826861147945,26643
83,16,1.1,45,0.001,0.330,0.7426497953107555,23104
84,16,1.2,45,0.001,0.330,0.7432333577176299,21025
85,16,1.3,45,0.001,0.330,0.7483654025779937,22956
86,16,1.35,45,0.001,0.330,0.7496742974129909,23634
87,16,1.375,45,0.001,0.330,0.7581929272356971,19006
88,16,1.4,45,0.001,0.330,0.816654492330168,17157
89,28,1.02,45,0.001,0.330,0.6719242902208202,29550
90,28,1.05,45,0.001,0.330,0.7587752053771472,32291
91,28,1.1,45,0.001,0.330,0.7552063612268081,34078
92,28,1.2,45,0.001,0.330,0.8129577464788732,27648
93,48,1.02,45,0.001,0.330,0.711372989150767,46500
94,48,1.05,45,0.001,0.330,0.745953809783597,51459
95,48,1.1,45,0.001,0.330,0.7988980716253443,46600
96,8,1.02,70,0.001,0.330,0.7153051643192488,11459
97,8,1.05,70,0.001,0.330,0.6826815642458101,10619
98,8,1.1,70,0.001,0.330,0.675403608736942,9813
99,8,1.2,70,0.001,0.330,0.7374815905743741,9723
100,8,1.3,70,0.001,0.330,0.7498153618906942,9173
101,8,1.35,70,0.001,0.330,0.7326696165191741,11095
102,8,1.375,70,0.001,0.330,0.7443171144091678,9788
103,8,1.4,70,0.001,0.330,0.7803676331248816,10054
104,8,1.425,70,0.001,0.330,0.7639173338298269,11574
105,8,1.45,70,0.001,0.330,0.7862120926728198,8931
106,8,1.5,70,0.001,0.330,0.8042439304148347,10011
107,8,1.7,70,0.001,0.330,0.7687203791469195,9245
108,8,1.85,70,0.001,0.330,0.7130723781388478,10621
109,16,1.02,70,0.001,0.330,0.6429093567251462,25489
110,16,1.05,70,0.001,0.330,0.6564942314849275,23465
111,16,1.1,70,0.001,0.330,0.7447118891320205,22246
112,16,1.2,70,0.001,0.330,0.7769690182904069,19476
113,16,1.3,70,0.001,0.330,0.7737377543330821,22305
114,16,1.35,70,0.001,0.330,0.7905027932960894,19315
115,16,1.375,70,0.001,0.330,0.85949177877429,18964
116,28,1.02,70,0.001,0.330,0.7319740500463392,36849
117,28,1.05,70,0.001,0.330,0.7264133456904541,27595
118,28,1.1,70,0.001,0.330,0.7931359607769187,46640
119,28,1.2,70,0.001,0.330,0.766358595194085,25641
120,48,1.02,70,0.001,0.330,0.7711769115442278,52975
121,48,1.05,70,0.001,0.330,0.7692018072289156,55147
122,48,1.1,70,0.001,0.330,0.7551967334818114,41234
123,8,1.02,10,0.001,0.500,0.6024155178723923,71489
124,8,1.05,10,0.001,0.500,0.5967901234567902,19346
125,8,1.1,10,0.001,0.500,0.6244332802352652,18879
126,8,1.2,10,0.001,0.500,0.6896678966789668,22822
127,8,1.3,10,0.001,0.500,0.6824373631719777,15247
128,8,1.35,10,0.001,0.500,0.7486129946985575,19700
129,8,1.375,10,0.001,0.500,0.7350750824075204,16173
130,8,1.4,10,0.001,0.500,0.8297190734351898,14104
131,8,1.425,10,0.001,0.500,0.7920398009950249,15514
132,8,1.45,10,0.001,0.500,0.8481216015818092,14098
133,8,1.5,10,0.001,0.500,0.7511401454455812,13494
134,8,1.7,10,0.001,0.500,0.7458338476731268,13232
135,8,1.85,10,0.001,0.500,0.7647852760736197,27668
136,8,2.0,10,0.001,0.500,0.7148883374689826,14256
137,8,2.2,10,0.001,0.500,0.810914490780844,15532
138,8,2.4,10,0.001,0.500,0.7144441705693862,15935
139,16,1.02,10,0.001,0.500,0.5843351096790185,61567
140,16,1.05,10,0.001,0.500,0.6044064859512316,34748
141,16,1.1,10,0.001,0.500,0.6622238677033198,39630
142,16,1.2,10,0.001,0.500,0.8337009803921569,27914
143,16,1.3,10,0.001,0.500,0.746219512195122,27497
144,16,1.35,10,0.001,0.500,0.7417259897589609,33831
145,16,1.375,10,0.001,0.500,0.7099705304518664,37855
146,16,1.4,10,0.001,0.500,0.6940972651899517,41188
147,16,1.425,10,0.001,0.500,0.7300498753117207,32114
148,16,1.45,10,0.001,0.500,0.7283028265471299,29671
149,16,1.5,10,0.001,0.500,0.7501533930543625,35928
150,28,1.02,10,0.001,0.500,0.6230212295987237,62330
151,28,1.05,10,0.001,0.500,0.6280495280127498,54907
152,28,1.1,10,0.001,0.500,0.7670772676371781,41386
153,28,1.2,10,0.001,0.500,0.7195871221430327,40918
154,48,1.02,10,0.001,0.500,0.6247402518029581,72902
155,48,1.05,10,0.001,0.500,0.764870794734276,69663
156,48,1.1,10,0.001,0.500,0.8106332878919321,87231
157,8,1.02,20,0.001,0.500,0.6322374877330716,14287
158,8,1.05,20,0.001,0.500,0.6342179283355754,23039
159,8,1.1,20,0.001,0.500,0.6530637558918383,17162
160,8,1.2,20,0.001,0.500,0.703153761197693,15031
161,8,1.3,20,0.001,0.500,0.8090483234714004,14349
162,8,1.35,20,0.001,0.500,0.742135248947238,13464
163,8,1.375,20,0.001,0.500,0.7370284458552069,13421
164,8,1.4,20,0.001,0.500,0.7718862535700981,12482
165,8,1.425,20,0.001,0.500,0.7473528687515391,15468
166,8,1.45,20,0.001,0.500,0.7955869592165613,14179
167,8,1.5,20,0.001,0.500,0.731173488314579,13660
168,8,1.7,20,0.001,0.500,0.7466897661180547,16746
169,8,1.85,20,0.001,0.500,0.7248322147651006,36777
170,8,2.0,20,0.001,0.500,0.7527666301836313,16062
171,8,2.2,20,0.001,0.500,0.7415358194308145,14918
172,16,1.02,20,0.001,0.500,0.6304294478527608,44990
173,16,1.05,20,0.001,0.500,0.6369489846458642,40190
174,16,1.1,20,0.001,0.500,0.7326130153999006,31052
175,16,1.2,20,0.001,0.500,0.738873135248428,32649
176,16,1.3,20,0.001,0.500,0.7156826339893552,53785
177,16,1.35,20,0.001,0.500,0.7080166707526354,32127
178,16,1.375,20,0.001,0.500,0.7467983900475668,33400
179,16,1.4,20,0.001,0.500,0.787052810902896,29868
180,16,1.425,20,0.001,0.500,0.7559435364041605,34508
181,16,1.45,20,0.001,0.500,0.7771129394166043,28032
182,28,1.02,20,0.001,0.500,0.6520514390691978,49182
183,28,1.05,20,0.001,0.500,0.7201234567901235,49462
184,28,1.1,20,0.001,0.500,0.8047108673978066,55595
185,28,1.2,20,0.001,0.500,0.716305142578601,43541
186,48,1.02,20,0.001,0.500,0.7354249011857708,75386
187,48,1.05,20,0.001,0.500,0.8227312336611478,61397
188,48,1.1,20,0.001,0.500,0.6776119402985075,75393
189,8,1.02,45,0.001,0.500,0.7147073290703394,14093
190,8,1.05,45,0.001,0.500,0.699009900990099,14905
191,8,1.1,45,0.001,0.500,0.6903827281648676,14692
192,8,1.2,45,0.001,0.500,0.770375883885374,14608
193,8,1.3,45,0.001,0.500,0.750247402276101,13285
194,8,1.35,45,0.001,0.500,0.7503352432037059,15934
195,8,1.375,45,0.001,0.500,0.738442521631644,15170
196,8,1.4,45,0.001,0.500,0.7420551502411278,13922
197,8,1.425,45,0.001,0.500,0.7428536224741252,13361
198,8,1.45,45,0.001,0.500,0.7468557336621455,20873
199,8,1.5,45,0.001,0.500,0.7432969215491559,14711
200,8,1.7,45,0.001,0.500,0.8170073999749153,13638
201,8,1.85,45,0.001,0.500,0.7711978465679677,19816
202,8,2.0,45,0.001,0.500,0.7681016405575428,14801
203,16,1.02,45,0.001,0.500,0.6611397690985016,30721
204,16,1.05,45,0.001,0.500,0.776986368660199,37038
205,16,1.1,45,0.001,0.500,0.7065230845401659,27568
206,16,1.2,45,0.001,0.500,0.7569887199607651,26853
207,16,1.3,45,0.001,0.500,0.7450884685784015,35732
208,16,1.35,45,0.001,0.500,0.7948271574235265,22406
209,16,1.375,45,0.001,0.500,0.7835433654558932,30894
210,16,1.4,45,0.001,0.500,0.8213228035538006,26625
211,28,1.02,45,0.001,0.500,0.6824966078697422,53146
212,28,1.05,45,0.001,0.500,0.7072510156346178,61062
213,28,1.1,45,0.001,0.500,0.7576999503229012,45959
214,28,1.2,45,0.001,0.500,0.8086473131562693,38562
215,48,1.02,45,0.001,0.500,0.7170580964153276,69864
216,48,1.05,45,0.001,0.500,0.8133597719667864,92348
217,48,1.1,45,0.001,0.500,0.7946516192345436,63243
218,8,1.02,70,0.001,0.500,0.7408041060735672,15472
219,8,1.05,70,0.001,0.500,0.7622549019607843,15478
220,8,1.1,70,0.001,0.500,0.6682992530917106,15248
221,8,1.2,70,0.001,0.500,0.772131552917903,12260
222,8,1.3,70,0.001,0.500,0.7383177570093458,15192
223,8,1.35,70,0.001,0.500,0.7347874581732556,18686
224,8,1.375,70,0.001,0.500,0.7885532591414944,14462
225,8,1.4,70,0.001,0.500,0.7299547068184601,16000
226,8,1.425,70,0.001,0.500,0.7625688073394495,14584
227,8,1.45,70,0.001,0.500,0.7946231279155413,14672
228,8,1.5,70,0.001,0.500,0.74,25545
229,8,1.7,70,0.001,0.500,0.7667711598746082,48402
230,8,1.85,70,0.001,0.500,0.712882096069869,13073
231,16,1.02,70,0.001,0.500,0.7292247967972826,44037
232,16,1.05,70,0.001,0.500,0.7551698670605613,43731
233,16,1.1,70,0.001,0.500,0.7381390216991541,25125
234,16,1.2,70,0.001,0.500,0.7551020408163265,35689
235,16,1.3,70,0.001,0.500,0.8063573255389113,31100
236,16,1.35,70,0.001,0.500,0.7984823983082473,28561
237,16,1.375,70,0.001,0.500,0.8642206414576313,24193
238,28,1.02,70,0.001,0.500,0.7110835913312693,42116
239,28,1.05,70,0.001,0.500,0.7521003134796238,42970
240,28,1.1,70,0.001,0.500,0.7436969622432665,55293
241,28,1.2,70,0.001,0.500,0.7798323471400395,38125
242,48,1.02,70,0.001,0.500,0.7579010856453559,73275
243,48,1.05,70,0.001,0.500,0.7985415894203436,88888
244,48,1.1,70,0.001,0.500,0.7466079941327466,57822
245,8,1.02,10,0.010,0.330,0.8241385803050273,9174
246,8,1.05,10,0.010,0.330,0.811558734939759,8831
247,8,1.1,10,0.010,0.330,0.8172185430463577,10148
248,8,1.2,10,0.010,0.330,0.834795594549188,9212
249,8,1.3,10,0.010,0.330,0.8306182895223991,10648
250,8,1.35,10,0.010,0.330,0.8271513353115727,12066
251,8,1.375,10,0.010,0.330,0.827037037037037,11653
252,8,1.4,10,0.010,0.330,0.820536540240518,11661
253,8,1.425,10,0.010,0.330,0.8368794326241135,10565
254,8,1.45,10,0.010,0.330,0.8526529857644666,12186
255,8,1.5,10,0.010,0.330,0.8498713708195517,11084
256,8,1.7,10,0.010,0.330,0.8290454884414616,12394
257,8,1.85,10,0.010,0.330,0.8637959711698392,13269
258,8,2.0,10,0.010,0.330,0.803205367126351,14130
259,8,2.2,10,0.010,0.330,0.8044259504444865,18962
260,8,2.4,10,0.010,0.330,0.7562594840667678,11624
261,16,1.02,10,0.010,0.330,0.8146098505810736,22021
262,16,1.05,10,0.010,0.330,0.8227533460803059,20925
263,16,1.1,10,0.010,0.330,0.8186072631973044,22348
264,16,1.2,10,0.010,0.330,0.8540845070422535,29786
265,16,1.3,10,0.010,0.330,0.8278948349804214,19889
266,16,1.35,10,0.010,0.330,0.8358264081255771,31271
267,16,1.375,10,0.010,0.330,0.8305180180180181,23025
268,16,1.4,10,0.010,0.330,0.7910940076965366,21782
269,16,1.425,10,0.010,0.330,0.7342995169082126,21359
270,16,1.45,10,0.010,0.330,0.8185248066402565,18289
271,16,1.5,10,0.010,0.330,0.770127504553734,20443
272,28,1.02,10,0.010,0.330,0.8363704677813263,34455
273,28,1.05,10,0.010,0.330,0.7985004686035614,35426
274,28,1.1,10,0.010,0.330,0.8426987060998151,31106
275,28,1.2,10,0.010,0.330,0.8340489079708793,30270
276,48,1.02,10,0.010,0.330,0.8352262148575684,63702
277,48,1.05,10,0.010,0.330,0.8332083958020989,49775
278,48,1.1,10,0.010,0.330,0.8374836173001311,52427
279,8,1.02,20,0.010,0.330,0.8096222514564931,10869
280,8,1.05,20,0.010,0.330,0.8205368875539704,10798
281,8,1.1,20,0.010,0.330,0.8207831325301205,11084
282,8,1.2,20,0.010,0.330,0.8363876818439449,10535
283,8,1.3,20,0.010,0.330,0.8427305298887422,10542
284,8,1.35,20,0.010,0.330,0.8410473907431311,9841
285,8,1.375,20,0.010,0.330,0.8392790086368757,9356
286,8,1.4,20,0.010,0.330,0.8599886169607285,12693
287,8,1.425,20,0.010,0.330,0.8575173188541472,12476
288,8,1.45,20,0.010,0.330,0.8385328039326905,10441
289,8,1.5,20,0.010,0.330,0.858250276854928,9071
290,8,1.7,20,0.010,0.330,0.8514115898959881,12050
291,8,1.85,20,0.010,0.330,0.7926146960089518,10543
292,8,2.0,20,0.010,0.330,0.7837440235380655,8989
293,8,2.2,20,0.010,0.330,0.7383808095952024,8939
294,16,1.02,20,0.010,0.330,0.8186528497409327,22451
295,16,1.05,20,0.010,0.330,0.8256207674943566,22983
296,16,1.1,20,0.010,0.330,0.8208731497095747,22918
297,16,1.2,20,0.010,0.330,0.8164731896075179,30307
298,16,1.3,20,0.010,0.330,0.8774518961330096,20551
299,16,1.35,20,0.010,0.330,0.8506846745451135,25876
300,16,1.375,20,0.010,0.330,0.7471649005391336,20442
301,16,1.4,20,0.010,0.330,0.7703445747800587,18153
302,16,1.425,20,0.010,0.330,0.7916050295857988,19732
303,16,1.45,20,0.010,0.330,0.7535827284571003,17046
304,28,1.02,20,0.010,0.330,0.809145880574452,34240
305,28,1.05,20,0.010,0.330,0.8204351939451278,30739
306,28,1.1,20,0.010,0.330,0.8251890097731883,32299
307,28,1.2,20,0.010,0.330,0.8290693362995921,25258
308,48,1.02,20,0.010,0.330,0.8134078212290503,46658
309,48,1.05,20,0.010,0.330,0.8415433601798089,54021
310,48,1.1,20,0.010,0.330,0.7969770479567083,42421
311,8,1.02,45,0.010,0.330,0.8317218296764597,10650
312,8,1.05,45,0.010,0.330,0.8309054029135166,11422
313,8,1.1,45,0.010,0.330,0.8414251430681189,11975
314,8,1.2,45,0.010,0.330,0.8423529411764706,9448
315,8,1.3,45,0.010,0.330,0.8393222863526345,11163
316,8,1.35,45,0.010,0.330,0.8416529530078625,12613
317,8,1.375,45,0.010,0.330,0.8323863636363636,10829
318,8,1.4,45,0.010,0.330,0.805327868852459,13351
319,8,1.425,45,0.010,0.330,0.855072463768116,15239
320,8,1.45,45,0.010,0.330,0.8425908491809452,11252
321,8,1.5,45,0.010,0.330,0.8548700038804812,10284
322,8,1.7,45,0.010,0.330,0.7983477281261735,10583
323,8,1.85,45,0.010,0.330,0.8302533815964945,11705
324,8,2.0,45,0.010,0.330,0.6853488809479029,11835
325,16,1.02,45,0.010,0.330,0.8274713069233617,22138
326,16,1.05,45,0.010,0.330,0.8275032389413289,29627
327,16,1.1,45,0.010,0.330,0.8568215892053973,22607
328,16,1.2,45,0.010,0.330,0.8309911935544313,28988
329,16,1.3,45,0.010,0.330,0.7168092227593901,18548
330,16,1.35,45,0.010,0.330,0.7820069204152249,18399
331,16,1.375,45,0.010,0.330,0.780763528539659,17184
332,16,1.4,45,0.010,0.330,0.7833641404805914,17206
333,28,1.02,45,0.010,0.330,0.8190880561196234,34526
334,28,1.05,45,0.010,0.330,0.8275798069784707,38944
335,28,1.1,45,0.010,0.330,0.7674721189591078,31460
336,28,1.2,45,0.010,0.330,0.6457034938621341,23908
337,48,1.02,45,0.010,0.330,0.8408669877732493,53670
338,48,1.05,45,0.010,0.330,0.7818317200297841,50408
339,48,1.1,45,0.010,0.330,0.7119056533133657,39882
340,8,1.02,70,0.010,0.330,0.8238293051359517,10502
341,8,1.05,70,0.010,0.330,0.845054741139358,12449
342,8,1.1,70,0.010,0.330,0.8592974066580835,11837
343,8,1.2,70,0.010,0.330,0.8338380015140046,20689
344,8,1.3,70,0.010,0.330,0.814807976366322,11578
345,8,1.35,70,0.010,0.330,0.8174735670562048,17817
346,8,1.375,70,0.010,0.330,0.8243116688518449,12779
347,8,1.4,70,0.010,0.330,0.849585843373494,10561
348,8,1.425,70,0.010,0.330,0.8201811125485123,10626
349,8,1.45,70,0.010,0.330,0.8282392649540596,10811
350,8,1.5,70,0.010,0.330,0.7936333699231614,11554
351,8,1.7,70,0.010,0.330,0.732309380142622,10508
352,8,1.85,70,0.010,0.330,0.7607709750566893,10734
353,16,1.02,70,0.010,0.330,0.8515552244365804,23174
354,16,1.05,70,0.010,0.330,0.8468655589123867,21794
355,16,1.1,70,0.010,0.330,0.8123937275647081,28072
356,16,1.2,70,0.010,0.330,0.815410199556541,20771
357,16,1.3,70,0.010,0.330,0.6927678085916259,18874
358,16,1.35,70,0.010,0.330,0.7302063789868668,15834
359,16,1.375,70,0.010,0.330,0.7164124241867303,16192
360,28,1.02,70,0.010,0.330,0.850517439632043,32053
361,28,1.05,70,0.010,0.330,0.813953488372093,30101
362,28,1.1,70,0.010,0.330,0.8230507191521574,32928
363,28,1.2,70,0.010,0.330,0.7330848089468779,23103
364,48,1.02,70,0.010,0.330,0.8273931703676058,54367
365,48,1.05,70,0.010,0.330,0.791504359117047,48436
366,48,1.1,70,0.010,0.330,0.6756349952963311,38212
367,8,1.02,10,0.010,0.500,0.8166068555871798,11850
368,8,1.05,10,0.010,0.500,0.8320620078740157,18191
369,8,1.1,10,0.010,0.500,0.827826725403818,15324
370,8,1.2,10,0.010,0.500,0.8097513169177998,14986
371,8,1.3,10,0.010,0.500,0.8322773015281402,12628
372,8,1.35,10,0.010,0.500,0.8320798915053631,14103
373,8,1.375,10,0.010,0.500,0.8328646533806089,22060
374,8,1.4,10,0.010,0.500,0.8414151410192974,13889
375,8,1.425,10,0.010,0.500,0.845182642804609,13850
376,8,1.45,10,0.010,0.500,0.8328622342386629,31042
377,8,1.5,10,0.010,0.500,0.8475230271346776,14853
378,8,1.7,10,0.010,0.500,0.8159970421493714,29029
379,8,1.85,10,0.010,0.500,0.8602779809802488,17519
380,8,2.0,10,0.010,0.500,0.8081733746130031,24443
381,8,2.2,10,0.010,0.500,0.8270907527938106,20707
382,8,2.4,10,0.010,0.500,0.750615763546798,16302
383,16,1.02,10,0.010,0.500,0.8266389940178245,28015
384,16,1.05,10,0.010,0.500,0.8202054794520548,47422
385,16,1.1,10,0.010,0.500,0.825704006947029,40253
386,16,1.2,10,0.010,0.500,0.8633663366336634,32878
387,16,1.3,10,0.010,0.500,0.814684037501522,57851
388,16,1.35,10,0.010,0.500,0.8503851709195955,39910
389,16,1.375,10,0.010,0.500,0.8274717166748647,30034
390,16,1.4,10,0.010,0.500,0.8136463683052091,30714
391,16,1.425,10,0.010,0.500,0.7492714910150559,29808
392,16,1.45,10,0.010,0.500,0.83109243697479,28544
393,16,1.5,10,0.010,0.500,0.7811297330850403,28871
394,28,1.02,10,0.010,0.500,0.8456881640721522,51435
395,28,1.05,10,0.010,0.500,0.8152834635901253,45612
396,28,1.1,10,0.010,0.500,0.8561576354679803,52908
397,28,1.2,10,0.010,0.500,0.8426785493254115,44220
398,48,1.02,10,0.010,0.500,0.8287671232876712,82189
399,48,1.05,10,0.010,0.500,0.8392127738581507,64314
400,48,1.1,10,0.010,0.500,0.8280044101433297,73341
401,8,1.02,20,0.010,0.500,0.8118920233463035,15563
402,8,1.05,20,0.010,0.500,0.8216442746209787,14970
403,8,1.1,20,0.010,0.500,0.8218249075215783,14725
404,8,1.2,20,0.010,0.500,0.8363592350520455,23624
405,8,1.3,20,0.010,0.500,0.8339673579580317,13471
406,8,1.35,20,0.010,0.500,0.8554114652769361,32600
407,8,1.375,20,0.010,0.500,0.8528228264845751,14658
408,8,1.4,20,0.010,0.500,0.8343711083437111,45922
409,8,1.425,20,0.010,0.500,0.8637038871007675,17909
410,8,1.45,20,0.010,0.500,0.8447105295642513,20873
411,8,1.5,20,0.010,0.500,0.8072646404744255,46261
412,8,1.7,20,0.010,0.500,0.8607191066388514,35565
413,8,1.85,20,0.010,0.500,0.7866716306775875,22445
414,8,2.0,20,0.010,0.500,0.7839423194427472,14359
415,8,2.2,20,0.010,0.500,0.7394568890001252,13978
416,16,1.02,20,0.010,0.500,0.8291845493562232,35715
417,16,1.05,20,0.010,0.500,0.81984007996002,39307
418,16,1.1,20,0.010,0.500,0.8289048919791407,34012
419,16,1.2,20,0.010,0.500,0.8133711607252991,36105
420,16,1.3,20,0.010,0.500,0.879243875139908,34472
421,16,1.35,20,0.010,0.500,0.8533433697152176,29279
422,16,1.375,20,0.010,0.500,0.7328859060402685,30680
423,16,1.4,20,0.010,0.500,0.7589274681823799,24983
424,16,1.425,20,0.010,0.500,0.7987044732339281,26864
425,16,1.45,20,0.010,0.500,0.7709175548205317,24769
426,28,1.02,20,0.010,0.500,0.8286891204264599,48578
427,28,1.05,20,0.010,0.500,0.8451862602806,53522
428,28,1.1,20,0.010,0.500,0.8020549641000247,48348
429,28,1.2,20,0.010,0.500,0.8274485339987523,36389
430,48,1.02,20,0.010,0.500,0.8119955296162921,71121
431,48,1.05,20,0.010,0.500,0.8067530525791179,85020
432,48,1.1,20,0.010,0.500,0.790751870477125,61097
433,8,1.02,45,0.010,0.500,0.8253307202351788,14509
434,8,1.05,45,0.010,0.500,0.8170323540349572,13760
435,8,1.1,45,0.010,0.500,0.8206087824351297,13833
436,8,1.2,45,0.010,0.500,0.8563836361389198,13472
437,8,1.3,45,0.010,0.500,0.8384404583956153,40307
438,8,1.35,45,0.010,0.500,0.8239462886982469,23898
439,8,1.375,45,0.010,0.500,0.8022585000613723,15168
440,8,1.4,45,0.010,0.500,0.8058759257011048,15574
441,8,1.425,45,0.010,0.500,0.8466691024235782,16323
442,8,1.45,45,0.010,0.500,0.8224333662388944,21534
443,8,1.5,45,0.010,0.500,0.8463059056090931,15172
444,8,1.7,45,0.010,0.500,0.7785705498831345,20542
445,8,1.85,45,0.010,0.500,0.8133463462242284,15013
446,8,2.0,45,0.010,0.500,0.6978765677387309,13094
447,16,1.02,45,0.010,0.500,0.8346873461349089,30097
448,16,1.05,45,0.010,0.500,0.843142144638404,33431
449,16,1.1,45,0.010,0.500,0.8505775680039747,35569
450,16,1.2,45,0.010,0.500,0.8331686836255866,34446
451,16,1.3,45,0.010,0.500,0.7151169988857249,25460
452,16,1.35,45,0.010,0.500,0.7780082987551867,28102
453,16,1.375,45,0.010,0.500,0.7804028848545138,22633
454,16,1.4,45,0.010,0.500,0.7731018981018981,24053
455,28,1.02,45,0.010,0.500,0.8224402207234826,42223
456,28,1.05,45,0.010,0.500,0.8386693346673336,50296
457,28,1.1,45,0.010,0.500,0.7804066543438077,49359
458,28,1.2,45,0.010,0.500,0.6737020863658418,39490
459,48,1.02,45,0.010,0.500,0.8602480658234066,77871
460,48,1.05,45,0.010,0.500,0.7660201325804076,78671
461,48,1.1,45,0.010,0.500,0.7332414484400451,58412
462,8,1.02,70,0.010,0.500,0.8423681325374589,14738
463,8,1.05,70,0.010,0.500,0.8492456096957705,15535
464,8,1.1,70,0.010,0.500,0.8448403860430587,12916
465,8,1.2,70,0.010,0.500,0.8398427904691722,18088
466,8,1.3,70,0.010,0.500,0.8009530791788856,15365
467,8,1.35,70,0.010,0.500,0.8377916208623427,19625
468,8,1.375,70,0.010,0.500,0.834251438364549,16447
469,8,1.4,70,0.010,0.500,0.8264823119083209,13889
470,8,1.425,70,0.010,0.500,0.8421762038965813,21930
471,8,1.45,70,0.010,0.500,0.8307938068321455,17201
472,8,1.5,70,0.010,0.500,0.7878750614854895,13932
473,8,1.7,70,0.010,0.500,0.7348466257668712,14438
474,8,1.85,70,0.010,0.500,0.7749319475377382,15546
475,16,1.02,70,0.010,0.500,0.8299486175678982,36137
476,16,1.05,70,0.010,0.500,0.8448746587242492,34417
477,16,1.1,70,0.010,0.500,0.8224229674545229,33461
478,16,1.2,70,0.010,0.500,0.8147459727385378,29203
479,16,1.3,70,0.010,0.500,0.7176992240423697,25276
480,16,1.35,70,0.010,0.500,0.7340805517920926,25598
481,16,1.375,70,0.010,0.500,0.7498438085717856,23545
482,28,1.02,70,0.010,0.500,0.8314031451907838,46699
483,28,1.05,70,0.010,0.500,0.8221153846153846,41490
484,28,1.1,70,0.010,0.500,0.8202400098973154,41153
485,28,1.2,70,0.010,0.500,0.745948580480078,33574
486,48,1.02,70,0.010,0.500,0.8192696767826302,72321
487,48,1.05,70,0.010,0.500,0.7869836695485111,73002
488,48,1.1,70,0.010,0.500,0.6833642547928263,51629
489,8,1.02,10,0.020,0.330,0.8070110701107011,8117
490,8,1.05,10,0.020,0.330,0.8130005587632706,7862
491,8,1.1,10,0.020,0.330,0.8205128205128205,7901
492,8,1.2,10,0.020,0.330,0.8346325167037862,14033
493,8,1.3,10,0.020,0.330,0.8251036562382209,10624
494,8,1.35,10,0.020,0.330,0.8309365781710915,11152
495,8,1.375,10,0.020,0.330,0.8208402739218953,10391
496,8,1.4,10,0.020,0.330,0.8265832106038291,11207
497,8,1.425,10,0.020,0.330,0.8012905674701082,10522
498,8,1.45,10,0.020,0.330,0.8266970041714069,11197
499,8,1.5,10,0.020,0.330,0.8291127368223598,10428
500,8,1.7,10,0.020,0.330,0.8345392231530845,11818
501,8,1.85,10,0.020,0.330,0.8547965658827921,10173
502,8,2.0,10,0.020,0.330,0.8318466502182578,10649
503,8,2.2,10,0.020,0.330,0.8195712954333644,11387
504,8,2.4,10,0.020,0.330,0.7817595752749337,12152
505,16,1.02,10,0.020,0.330,0.8243782039111449,16348
506,16,1.05,10,0.020,0.330,0.8201156932263483,19940
507,16,1.1,10,0.020,0.330,0.8283858998144712,24174
508,16,1.2,10,0.020,0.330,0.8354190367842245,21903
509,16,1.3,10,0.020,0.330,0.802586534804108,23671
510,16,1.35,10,0.020,0.330,0.8043108338060124,28040
511,16,1.375,10,0.020,0.330,0.8300395256916996,21520
512,16,1.4,10,0.020,0.330,0.813581640331076,24260
513,16,1.425,10,0.020,0.330,0.7694188452134663,23014
514,16,1.45,10,0.020,0.330,0.8064576334453154,22625
515,16,1.5,10,0.020,0.330,0.7421407185628742,22569
516,28,1.02,10,0.020,0.330,0.8033188761078635,28911
517,28,1.05,10,0.020,0.330,0.8266494178525227,30344
518,28,1.1,10,0.020,0.330,0.8118867924528302,31669
519,28,1.2,10,0.020,0.330,0.825,27586
520,48,1.02,10,0.020,0.330,0.8132237579379903,43026
521,48,1.05,10,0.020,0.330,0.7964127218934911,44625
522,48,1.1,10,0.020,0.330,0.8012796386902522,44154
523,8,1.02,20,0.020,0.330,0.8233983286908078,9401
524,8,1.05,20,0.020,0.330,0.8273436014451416,9653
525,8,1.1,20,0.020,0.330,0.8311466058185967,11068
526,8,1.2,20,0.020,0.330,0.8282070517629407,9038
527,8,1.3,20,0.020,0.330,0.8175562581365073,10647
528,8,1.35,20,0.020,0.330,0.8257462686567164,9125
529,8,1.375,20,0.020,0.330,0.84080058758722,10424
530,8,1.4,20,0.020,0.330,0.8065543071161049,23085
531,8,1.425,20,0.020,0.330,0.8129283200592702,20874
532,8,1.45,20,0.020,0.330,0.8195445920303606,11433
533,8,1.5,20,0.020,0.330,0.8035548972412516,13112
534,8,1.7,20,0.020,0.330,0.8409384814335858,21360
535,8,1.85,20,0.020,0.330,0.8268167079916079,19359
536,8,2.0,20,0.020,0.330,0.7651019263138208,11014
537,8,2.2,20,0.020,0.330,0.7273235239336934,10829
538,16,1.02,20,0.020,0.330,0.8280542986425339,25820
539,16,1.05,20,0.020,0.330,0.8075151961687235,22429
540,16,1.1,20,0.020,0.330,0.8261523988711195,22417
541,16,1.2,20,0.020,0.330,0.8092485549132948,21071
542,16,1.3,20,0.020,0.330,0.8454562280214696,23488
543,16,1.35,20,0.020,0.330,0.827485380116959,25754
544,16,1.375,20,0.020,0.330,0.807970342910102,19264
545,16,1.4,20,0.020,0.330,0.7593080105302745,17669
546,16,1.425,20,0.020,0.330,0.7432158021044859,19502
547,16,1.45,20,0.020,0.330,0.7832127902550438,17892
548,28,1.02,20,0.020,0.330,0.8260788342985242,33227
549,28,1.05,20,0.020,0.330,0.8264337257880744,31891
550,28,1.1,20,0.020,0.330,0.8095940959409594,31987
551,28,1.2,20,0.020,0.330,0.7867579064176068,25942
552,48,1.02,20,0.020,0.330,0.808322592524397,44871
553,48,1.05,20,0.020,0.330,0.831371059627801,57852
554,48,1.1,20,0.020,0.330,0.822117202268431,42515
555,8,1.02,45,0.020,0.330,0.830952380952381,9131
556,8,1.05,45,0.020,0.330,0.8138397893945092,9406
557,8,1.1,45,0.020,0.330,0.835318585743997,11791
558,8,1.2,45,0.020,0.330,0.8141145638337701,13255
559,8,1.3,45,0.020,0.330,0.8120654012403683,11632
560,8,1.35,45,0.020,0.330,0.8010863457576325,15338
561,8,1.375,45,0.020,0.330,0.796661039204652,11842
562,8,1.4,45,0.020,0.330,0.7909949972206781,14338
563,8,1.425,45,0.020,0.330,0.7853463079564968,9263
564,8,1.45,45,0.020,0.330,0.8068535825545171,10886
565,8,1.5,45,0.020,0.330,0.8155430711610487,11128
566,8,1.7,45,0.020,0.330,0.7784632641615256,14882
567,8,1.85,45,0.020,0.330,0.7997389520790602,10145
568,8,2.0,45,0.020,0.330,0.7171239356669821,10521
569,16,1.02,45,0.020,0.330,0.8323131144500093,20365
570,16,1.05,45,0.020,0.330,0.8051367950865438,20800
571,16,1.1,45,0.020,0.330,0.7905632226781052,26140
572,16,1.2,45,0.020,0.330,0.7648593255077324,24082
573,16,1.3,45,0.020,0.330,0.7888991674375578,18725
574,16,1.35,45,0.020,0.330,0.7612456747404844,18503
575,16,1.375,45,0.020,0.330,0.7532706836189423,18700
576,16,1.4,45,0.020,0.330,0.7483666231099496,20068
577,28,1.02,45,0.020,0.330,0.8093228115250505,27628
578,28,1.05,45,0.020,0.330,0.8091247672253259,42718
579,28,1.1,45,0.020,0.330,0.7506894649751793,31502
580,28,1.2,45,0.020,0.330,0.7112649700598802,25186
581,48,1.02,45,0.020,0.330,0.7826168224299065,40259
582,48,1.05,45,0.020,0.330,0.7631677250653717,51444
583,48,1.1,45,0.020,0.330,0.74062205466541,38497
584,8,1.02,70,0.020,0.330,0.825774754346183,9850
585,8,1.05,70,0.020,0.330,0.8070708990686182,12574
586,8,1.1,70,0.020,0.330,0.8042448360811066,10621
587,8,1.2,70,0.020,0.330,0.8128776435045317,12009
588,8,1.3,70,0.020,0.330,0.8002977852224084,11363
589,8,1.35,70,0.020,0.330,0.8063675293241482,10666
590,8,1.375,70,0.020,0.330,0.759401309635173,11699
591,8,1.4,70,0.020,0.330,0.8192048012003,11588
592,8,1.425,70,0.020,0.330,0.8248660631812303,12684
593,8,1.45,70,0.020,0.330,0.7897553516819572,10533
594,8,1.5,70,0.020,0.330,0.8244387191755613,10158
595,8,1.7,70,0.020,0.330,0.7309229651162791,10684
596,8,1.85,70,0.020,0.330,0.7458502397639247,10341
597,16,1.02,70,0.020,0.330,0.8181130648515788,23797
598,16,1.05,70,0.020,0.330,0.8133509833585476,31215
599,16,1.1,70,0.020,0.330,0.7958154305996638,27559
600,16,1.2,70,0.020,0.330,0.7904445674229846,21683
601,16,1.3,70,0.020,0.330,0.7093399277154271,17355
602,16,1.35,70,0.020,0.330,0.7017319963536919,17551
603,16,1.375,70,0.020,0.330,0.7433495691270139,16316
604,28,1.02,70,0.020,0.330,0.8058608058608059,32141
605,28,1.05,70,0.020,0.330,0.7875070768069448,31274
606,28,1.1,70,0.020,0.330,0.7912621359223301,26669
607,28,1.2,70,0.020,0.330,0.7533221036870672,23330
608,48,1.02,70,0.020,0.330,0.792619926199262,52767
609,48,1.05,70,0.020,0.330,0.733357919970496,50901
610,48,1.1,70,0.020,0.330,0.6864599092284418,36308
611,8,1.02,10,0.020,0.500,0.832491063724886,13269
612,8,1.05,10,0.020,0.500,0.8293885601577909,14756
613,8,1.1,10,0.020,0.500,0.8358357116267527,12357
614,8,1.2,10,0.020,0.500,0.8310542018896072,51865
615,8,1.3,10,0.020,0.500,0.8367069859294002,26928
616,8,1.35,10,0.020,0.500,0.8267861527129879,14941
617,8,1.375,10,0.020,0.500,0.828996282527881,15564
618,8,1.4,10,0.020,0.500,0.8225162256615077,15068
619,8,1.425,10,0.020,0.500,0.8144177449168207,15511
620,8,1.45,10,0.020,0.500,0.8397310513447432,25847
621,8,1.5,10,0.020,0.500,0.8315022836686828,15156
622,8,1.7,10,0.020,0.500,0.8418967438405348,18560
623,8,1.85,10,0.020,0.500,0.8530663329161452,40139
624,8,2.0,10,0.020,0.500,0.8282680336872941,15438
625,8,2.2,10,0.020,0.500,0.7886941495926931,28136
626,8,2.4,10,0.020,0.500,0.7632130097326598,21682
627,16,1.02,10,0.020,0.500,0.81520922074668,37229
628,16,1.05,10,0.020,0.500,0.8155050316809541,34646
629,16,1.1,10,0.020,0.500,0.8237669807857055,37609
630,16,1.2,10,0.020,0.500,0.8339955301713434,29574
631,16,1.3,10,0.020,0.500,0.798340856410882,33729
632,16,1.35,10,0.020,0.500,0.8133152842727049,42462
633,16,1.375,10,0.020,0.500,0.8379765395894428,33557
634,16,1.4,10,0.020,0.500,0.8090819104182133,31884
635,16,1.425,10,0.020,0.500,0.7522145669291339,26627
636,16,1.45,10,0.020,0.500,0.8239009287925697,28120
637,16,1.5,10,0.020,0.500,0.7498134792340214,29147
638,28,1.02,10,0.020,0.500,0.8160383151172786,73258
639,28,1.05,10,0.020,0.500,0.8254607591846699,37968
640,28,1.1,10,0.020,0.500,0.8435357492654261,55688
641,28,1.2,10,0.020,0.500,0.7928694793979768,41692
642,48,1.02,10,0.020,0.500,0.8110255773528682,95299
643,48,1.05,10,0.020,0.500,0.8073929961089494,84414
644,48,1.1,10,0.020,0.500,0.8010310543758439,67952
645,8,1.02,20,0.020,0.500,0.8184076512234505,15075
646,8,1.05,20,0.020,0.500,0.8206025753219153,18073
647,8,1.1,20,0.020,0.500,0.8371488677143918,41167
648,8,1.2,20,0.020,0.500,0.8211411850768106,15048
649,8,1.3,20,0.020,0.500,0.821254270375793,14172
650,8,1.35,20,0.020,0.500,0.8430647942843065,23413
651,8,1.375,20,0.020,0.500,0.8308017928286853,17009
652,8,1.4,20,0.020,0.500,0.8403176542455711,26126
653,8,1.425,20,0.020,0.500,0.8047191839744378,19329
654,8,1.45,20,0.020,0.500,0.8000241808729295,22719
655,8,1.5,20,0.020,0.500,0.7615232930736998,30590
656,8,1.7,20,0.020,0.500,0.8332925036746692,32773
657,8,1.85,20,0.020,0.500,0.8159901599015991,32000
658,8,2.0,20,0.020,0.500,0.7654080389768575,15171
659,8,2.2,20,0.020,0.500,0.7010360138135175,14355
660,16,1.02,20,0.020,0.500,0.8228649453823237,36838
661,16,1.05,20,0.020,0.500,0.8341296092122994,43050
662,16,1.1,20,0.020,0.500,0.8215255492470995,45707
663,16,1.2,20,0.020,0.500,0.8114356743318831,34945
664,16,1.3,20,0.020,0.500,0.8462588410472763,33369
665,16,1.35,20,0.020,0.500,0.8258254572235179,29832
666,16,1.375,20,0.020,0.500,0.8154423332929929,29110
667,16,1.4,20,0.020,0.500,0.7533775485138786,26917
668,16,1.425,20,0.020,0.500,0.7613650363434766,27799
669,16,1.45,20,0.020,0.500,0.7903763109191857,26575
670,28,1.02,20,0.020,0.500,0.8143629732109169,57342
671,28,1.05,20,0.020,0.500,0.8185857089966679,58865
672,28,1.1,20,0.020,0.500,0.8007564665690581,81931
673,28,1.2,20,0.020,0.500,0.813708477937531,39278
674,48,1.02,20,0.020,0.500,0.8125691796826958,84480
675,48,1.05,20,0.020,0.500,0.7706814181543877,78710
676,48,1.1,20,0.020,0.500,0.8166850964491952,64924
677,8,1.02,45,0.020,0.500,0.831456502908056,30379
678,8,1.05,45,0.020,0.500,0.8376479289940828,12310
679,8,1.1,45,0.020,0.500,0.8284707026501337,18575
680,8,1.2,45,0.020,0.500,0.8432781295664881,19830
681,8,1.3,45,0.020,0.500,0.8082959641255605,48378
682,8,1.35,45,0.020,0.500,0.7957703184556744,16564
683,8,1.375,45,0.020,0.500,0.7967012828344533,27355
684,8,1.4,45,0.020,0.500,0.7888709075065355,41531
685,8,1.425,45,0.020,0.500,0.8110062507660253,30129
686,8,1.45,45,0.020,0.500,0.805644171779141,24513
687,8,1.5,45,0.020,0.500,0.8067393458870169,23714
688,8,1.7,45,0.020,0.500,0.7826192794547225,17899
689,8,1.85,45,0.020,0.500,0.7919289152165865,16436
690,8,2.0,45,0.020,0.500,0.7075297874953936,13984
691,16,1.02,45,0.020,0.500,0.8311672236662954,34632
692,16,1.05,45,0.020,0.500,0.8096838436644261,39009
693,16,1.1,45,0.020,0.500,0.8235439289239882,31653
694,16,1.2,45,0.020,0.500,0.7637146371463714,29674
695,16,1.3,45,0.020,0.500,0.7677150899522702,26251
696,16,1.35,45,0.020,0.500,0.739065606361829,27138
697,16,1.375,45,0.020,0.500,0.7397091446881933,25109
698,16,1.4,45,0.020,0.500,0.7689861807508866,22725
699,28,1.02,45,0.020,0.500,0.8058455114822547,37165
700,28,1.05,45,0.020,0.500,0.8036688150718889,44244
701,28,1.1,45,0.020,0.500,0.7808653260207191,50561
702,28,1.2,45,0.020,0.500,0.735640739362362,36611
703,48,1.02,45,0.020,0.500,0.7969306322897484,72859
704,48,1.05,45,0.020,0.500,0.7701771653543307,71193
705,48,1.1,45,0.020,0.500,0.7458777885548011,58418
706,8,1.02,70,0.020,0.500,0.8194614443084456,12998
707,8,1.05,70,0.020,0.500,0.7986835568802781,21533
708,8,1.1,70,0.020,0.500,0.7996573246848611,13398
709,8,1.2,70,0.020,0.500,0.8245353159851301,15721
710,8,1.3,70,0.020,0.500,0.7926272962643324,16905
711,8,1.35,70,0.020,0.500,0.7945138378643155,25667
712,8,1.375,70,0.020,0.500,0.7928082191780822,15976
713,8,1.4,70,0.020,0.500,0.8225549147134618,25809
714,8,1.425,70,0.020,0.500,0.8499877240363368,17550
715,8,1.45,70,0.020,0.500,0.8083547086844998,29700
716,8,1.5,70,0.020,0.500,0.8483910891089109,15966
717,8,1.7,70,0.020,0.500,0.749969177659968,13782
718,8,1.85,70,0.020,0.500,0.7553763440860215,16698
719,16,1.02,70,0.020,0.500,0.8049055187085471,32376
720,16,1.05,70,0.020,0.500,0.807441172847111,32697
721,16,1.1,70,0.020,0.500,0.7863981101579013,42328
722,16,1.2,70,0.020,0.500,0.8166501486620417,27359
723,16,1.3,70,0.020,0.500,0.7120009918175055,26348
724,16,1.35,70,0.020,0.500,0.7198869223205506,22733
725,16,1.375,70,0.020,0.500,0.7391785538612887,20682
726,28,1.02,70,0.020,0.500,0.8204531537048377,51971
727,28,1.05,70,0.020,0.500,0.7952351863164325,53429
728,28,1.1,70,0.020,0.500,0.7822310460354883,39278
729,28,1.2,70,0.020,0.500,0.7428606297290701,33397
730,48,1.02,70,0.020,0.500,0.7954037267080746,78202
731,48,1.05,70,0.020,0.500,0.7358977510138872,61702
732,48,1.1,70,0.020,0.500,0.6821348594177656,55268
733,8,1.02,10,0.050,0.330,0.7373831775700934,9869
734,8,1.05,10,0.050,0.330,0.7561393489434609,9191
735,8,1.1,10,0.050,0.330,0.7434246827294464,10362
736,8,1.2,10,0.050,0.330,0.7774931381518756,9928
737,8,1.3,10,0.050,0.330,0.7711187214611872,9221
738,8,1.35,10,0.050,0.330,0.7877807384849639,9976
739,8,1.375,10,0.050,0.330,0.7980875321809489,8597
740,8,1.4,10,0.050,0.330,0.8117225782133434,9264
741,8,1.425,10,0.050,0.330,0.7973956338567598,10610
742,8,1.45,10,0.050,0.330,0.7892083644510829,11686
743,8,1.5,10,0.050,0.330,0.7982439753409303,10238
744,8,1.7,10,0.050,0.330,0.7866920152091255,12691
745,8,1.85,10,0.050,0.330,0.8379080118694362,10891
746,8,2.0,10,0.050,0.330,0.8197599261311173,11081
747,8,2.2,10,0.050,0.330,0.7547276853252648,11435
748,8,2.4,10,0.050,0.330,0.7636499626028422,10531
749,16,1.02,10,0.050,0.330,0.7414953271028037,19334
750,16,1.05,10,0.050,0.330,0.7374835927245453,20790
751,16,1.1,10,0.050,0.330,0.7869038607115821,18761
752,16,1.2,10,0.050,0.330,0.7978526471677156,29076
753,16,1.3,10,0.050,0.330,0.766629711751663,23341
754,16,1.35,10,0.050,0.330,0.7784519213090642,23591
755,16,1.375,10,0.050,0.330,0.8268979667972394,25829
756,16,1.4,10,0.050,0.330,0.7798718431963815,27800
757,16,1.425,10,0.050,0.330,0.731178778255184,24287
758,16,1.45,10,0.050,0.330,0.7864150943396226,25710
759,16,1.5,10,0.050,0.330,0.7516917293233083,23185
760,28,1.02,10,0.050,0.330,0.7605998889094612,26510
761,28,1.05,10,0.050,0.330,0.7602587800369686,30134
762,28,1.1,10,0.050,0.330,0.7872609166365933,38245
763,28,1.2,10,0.050,0.330,0.8146840148698885,27397
764,48,1.02,10,0.050,0.330,0.7543989627708835,44129
765,48,1.05,10,0.050,0.330,0.715906941554757,37992
766,48,1.1,10,0.050,0.330,0.7812732688011914,46493
767,8,1.02,20,0.050,0.330,0.7486002239641657,8750
768,8,1.05,20,0.050,0.330,0.7363385464581417,9498
769,8,1.1,20,0.050,0.330,0.7720921450151057,9871
770,8,1.2,20,0.050,0.330,0.786114221724524,9593
771,8,1.3,20,0.050,0.330,0.7910082768999247,10321
772,8,1.35,20,0.050,0.330,0.7954031650339111,8749
773,8,1.375,20,0.050,0.330,0.8105483625285606,11862
774,8,1.4,20,0.050,0.330,0.7903137039075399,12300
775,8,1.425,20,0.050,0.330,0.8142035972557018,11770
776,8,1.45,20,0.050,0.330,0.7685443390964863,13184
777,8,1.5,20,0.050,0.330,0.7889428464699291,13975
778,8,1.7,20,0.050,0.330,0.8183886255924171,10999
779,8,1.85,20,0.050,0.330,0.803407350689127,11834
780,8,2.0,20,0.050,0.330,0.7546104629281144,11514
781,8,2.2,20,0.050,0.330,0.7335488779003423,11019
782,16,1.02,20,0.050,0.330,0.663553147767607,20763
783,16,1.05,20,0.050,0.330,0.7788917243893547,22059
784,16,1.1,20,0.050,0.330,0.782707622298066,20543
785,16,1.2,20,0.050,0.330,0.8096654275092937,24987
786,16,1.3,20,0.050,0.330,0.8371359673529958,25069
787,16,1.35,20,0.050,0.330,0.7951558392790087,21412
788,16,1.375,20,0.050,0.330,0.7952426260704092,21549
789,16,1.4,20,0.050,0.330,0.7802904945762089,22012
790,16,1.425,20,0.050,0.330,0.7540555659146,22183
791,16,1.45,20,0.050,0.330,0.7590451324132786,24261
792,28,1.02,20,0.050,0.330,0.7560472529533095,28714
793,28,1.05,20,0.050,0.330,0.6954740175079158,31397
794,28,1.1,20,0.050,0.330,0.7712467240733808,38897
795,28,1.2,20,0.050,0.330,0.7756639668487474,28194
796,48,1.02,20,0.050,0.330,0.7753337093438616,45744
797,48,1.05,20,0.050,0.330,0.7993588534791627,57811
798,48,1.1,20,0.050,0.330,0.8122803772886998,40840
799,8,1.02,45,0.050,0.330,0.7739700374531835,13874
800,8,1.05,45,0.050,0.330,0.7809226245175519,8476
801,8,1.1,45,0.050,0.330,0.7882441597588545,9834
802,8,1.2,45,0.050,0.330,0.8102449055898299,10696
803,8,1.3,45,0.050,0.330,0.8149577361264241,11641
804,8,1.35,45,0.050,0.330,0.8197839681637293,11193
805,8,1.375,45,0.050,0.330,0.7949244261989177,15582
806,8,1.4,45,0.050,0.330,0.8080074487895716,12529
807,8,1.425,45,0.050,0.330,0.7735463496191715,13130
808,8,1.45,45,0.050,0.330,0.8172503725782414,15106
809,8,1.5,45,0.050,0.330,0.7967844456907833,10953
810,8,1.7,45,0.050,0.330,0.8075162151850439,12243
811,8,1.85,45,0.050,0.330,0.7883225208526413,12833
812,8,2.0,45,0.050,0.330,0.7093690248565966,10983
813,16,1.02,45,0.050,0.330,0.7621005419547748,22677
814,16,1.05,45,0.050,0.330,0.7885331347728965,22069
815,16,1.1,45,0.050,0.330,0.7661305232020706,26294
816,16,1.2,45,0.050,0.330,0.7427772600186393,23118
817,16,1.3,45,0.050,0.330,0.7917129115797262,23270
818,16,1.35,45,0.050,0.330,0.7374883720930232,19051
819,16,1.375,45,0.050,0.330,0.7176425999620997,19584
820,16,1.4,45,0.050,0.330,0.7656716417910447,17597
821,28,1.02,45,0.050,0.330,0.7745978301533857,34606
822,28,1.05,45,0.050,0.330,0.7754524886877828,39638
823,28,1.1,45,0.050,0.330,0.759207847492134,33326
824,28,1.2,45,0.050,0.330,0.7219747587230884,23756
825,48,1.02,45,0.050,0.330,0.7758299142111152,57883
826,48,1.05,45,0.050,0.330,0.7480255735238811,52746
827,48,1.1,45,0.050,0.330,0.7454780361757106,39873
828,8,1.02,70,0.050,0.330,0.7853530623712306,12223
829,8,1.05,70,0.050,0.330,0.7918352335417432,9294
830,8,1.1,70,0.050,0.330,0.8113137327874953,9701
831,8,1.2,70,0.050,0.330,0.7972170686456401,15797
832,8,1.3,70,0.050,0.330,0.7611940298507462,13817
833,8,1.35,70,0.050,0.330,0.7908163265306123,12363
834,8,1.375,70,0.050,0.330,0.792351745797155,12296
835,8,1.4,70,0.050,0.330,0.8108108108108109,10126
836,8,1.425,70,0.050,0.330,0.799815157116451,10183
837,8,1.45,70,0.050,0.330,0.7639565380292245,18763
838,8,1.5,70,0.050,0.330,0.7889363281975126,11005
839,8,1.7,70,0.050,0.330,0.7277583348682999,12584
840,8,1.85,70,0.050,0.330,0.7796016230173368,11624
841,16,1.02,70,0.050,0.330,0.7919776119402985,26576
842,16,1.05,70,0.050,0.330,0.7561751497005988,26931
843,16,1.1,70,0.050,0.330,0.7917776931861439,25804
844,16,1.2,70,0.050,0.330,0.761168384879725,22584
845,16,1.3,70,0.050,0.330,0.6746252082176568,21126
846,16,1.35,70,0.050,0.330,0.7090374724467303,19167
847,16,1.375,70,0.050,0.330,0.7083174360930943,17268
848,28,1.02,70,0.050,0.330,0.7801643630930146,36547
849,28,1.05,70,0.050,0.330,0.7838536855717717,27485
850,28,1.1,70,0.050,0.330,0.7439730891422164,30280
851,28,1.2,70,0.050,0.330,0.6620431115276476,23975
852,48,1.02,70,0.050,0.330,0.7758337889557135,58967
853,48,1.05,70,0.050,0.330,0.7291783642148606,47877
854,48,1.1,70,0.050,0.330,0.6728937044647861,37099
855,8,1.02,10,0.050,0.500,0.7509252405625463,13558
856,8,1.05,10,0.050,0.500,0.7633275477312175,19372
857,8,1.1,10,0.050,0.500,0.7426525067918004,15240
858,8,1.2,10,0.050,0.500,0.7664603960396039,13610
859,8,1.3,10,0.050,0.500,0.7877164569577675,15612
860,8,1.35,10,0.050,0.500,0.7944229840656688,14466
861,8,1.375,10,0.050,0.500,0.8017872657316619,15042
862,8,1.4,10,0.050,0.500,0.7969021065675341,15198
863,8,1.425,10,0.050,0.500,0.7922109933448361,19046
864,8,1.45,10,0.050,0.500,0.8026218154835518,14989
865,8,1.5,10,0.050,0.500,0.803799780781878,16317
866,8,1.7,10,0.050,0.500,0.8064275964759896,17361
867,8,1.85,10,0.050,0.500,0.8304122438903975,23647
868,8,2.0,10,0.050,0.500,0.798535692495424,22258
869,8,2.2,10,0.050,0.500,0.7577578805347724,17670
870,8,2.4,10,0.050,0.500,0.7217756893780141,14752
871,16,1.02,10,0.050,0.500,0.7508962788972678,28821
872,16,1.05,10,0.050,0.500,0.7636498700012381,32705
873,16,1.1,10,0.050,0.500,0.7760244648318043,28464
874,16,1.2,10,0.050,0.500,0.7890980681678356,54937
875,16,1.3,10,0.050,0.500,0.7805477096893036,40995
876,16,1.35,10,0.050,0.500,0.7794859180912557,30604
877,16,1.375,10,0.050,0.500,0.8144115488133105,33379
878,16,1.4,10,0.050,0.500,0.7493198120207767,38928
879,16,1.425,10,0.050,0.500,0.7167493796526054,31386
880,16,1.45,10,0.050,0.500,0.7993335801554979,30309
881,16,1.5,10,0.050,0.500,0.7396602658788775,32925
882,28,1.02,10,0.050,0.500,0.7552825552825553,42454
883,28,1.05,10,0.050,0.500,0.7713206627680312,45031
884,28,1.1,10,0.050,0.500,0.780002456700651,51319
885,28,1.2,10,0.050,0.500,0.8146088246199481,39338
886,48,1.02,10,0.050,0.500,0.7442804428044281,74395
887,48,1.05,10,0.050,0.500,0.7968634230674241,78195
888,48,1.1,10,0.050,0.500,0.7824314306893996,64917
889,8,1.02,20,0.050,0.500,0.7765603840945463,24984
890,8,1.05,20,0.050,0.500,0.7757776144991428,16856
891,8,1.1,20,0.050,0.500,0.781651376146789,14723
892,8,1.2,20,0.050,0.500,0.7853024168813643,15155
893,8,1.3,20,0.050,0.500,0.806881243063263,13789
894,8,1.35,20,0.050,0.500,0.8088910364822421,13206
895,8,1.375,20,0.050,0.500,0.7960712093308778,17534
896,8,1.4,20,0.050,0.500,0.8071455062430462,30147
897,8,1.425,20,0.050,0.500,0.8095942779627574,19133
898,8,1.45,20,0.050,0.500,0.7969505392339159,19013
899,8,1.5,20,0.050,0.500,0.8119203660195375,16408
900,8,1.7,20,0.050,0.500,0.824578668962972,21689
901,8,1.85,20,0.050,0.500,0.7526374581109594,18465
902,8,2.0,20,0.050,0.500,0.792116434202547,15028
903,8,2.2,20,0.050,0.500,0.7411086583272014,30938
904,16,1.02,20,0.050,0.500,0.7666585306321699,30317
905,16,1.05,20,0.050,0.500,0.7786541779640128,28066
906,16,1.1,20,0.050,0.500,0.7838895000611172,30335
907,16,1.2,20,0.050,0.500,0.7915991524367444,33602
908,16,1.3,20,0.050,0.500,0.8202247191011236,34798
909,16,1.35,20,0.050,0.500,0.8136116600790514,30321
910,16,1.375,20,0.050,0.500,0.8028899592441645,31517
911,16,1.4,20,0.050,0.500,0.7761595887896219,28533
912,16,1.425,20,0.050,0.500,0.7338650306748467,28315
913,16,1.45,20,0.050,0.500,0.7317313616759088,27747
914,28,1.02,20,0.050,0.500,0.7708074534161491,49925
915,28,1.05,20,0.050,0.500,0.787428854243999,47325
916,28,1.1,20,0.050,0.500,0.8198099415204678,49552
917,28,1.2,20,0.050,0.500,0.7803697729246805,37595
918,48,1.02,20,0.050,0.500,0.7797895767066307,70693
919,48,1.05,20,0.050,0.500,0.7966327519379846,83819
920,48,1.1,20,0.050,0.500,0.8256322957198443,64138
921,8,1.02,45,0.050,0.500,0.7849569664463016,26768
922,8,1.05,45,0.050,0.500,0.7776813391196529,15000
923,8,1.1,45,0.050,0.500,0.7846020761245674,14038
924,8,1.2,45,0.050,0.500,0.790386033931645,18913
925,8,1.3,45,0.050,0.500,0.804766609039269,16735
926,8,1.35,45,0.050,0.500,0.8040706228543404,24848
927,8,1.375,45,0.050,0.500,0.7877398334741161,24635
928,8,1.4,45,0.050,0.500,0.8143081951337611,18947
929,8,1.425,45,0.050,0.500,0.7982843137254902,15130
930,8,1.45,45,0.050,0.500,0.8224539877300614,27511
931,8,1.5,45,0.050,0.500,0.803746433444982,21558
932,8,1.7,45,0.050,0.500,0.7527702536321104,17096
933,8,1.85,45,0.050,0.500,0.7705824526910788,15288
934,8,2.0,45,0.050,0.500,0.7012841291609525,15175
935,16,1.02,45,0.050,0.500,0.7744231713303878,36305
936,16,1.05,45,0.050,0.500,0.7910521140609637,31216
937,16,1.1,45,0.050,0.500,0.7772447724477245,33933
938,16,1.2,45,0.050,0.500,0.75,25895
939,16,1.3,45,0.050,0.500,0.7876686888696298,29128
940,16,1.35,45,0.050,0.500,0.7429172337003588,26191
941,16,1.375,45,0.050,0.500,0.7255261869799314,27091
942,16,1.4,45,0.050,0.500,0.7827637078927957,24661
943,28,1.02,45,0.050,0.500,0.7340438871473354,55981
944,28,1.05,45,0.050,0.500,0.7845072159861848,56097
945,28,1.1,45,0.050,0.500,0.7529802138380238,47992
946,28,1.2,45,0.050,0.500,0.7230788056779246,36487
947,48,1.02,45,0.050,0.500,0.7845290385553929,88936
948,48,1.05,45,0.050,0.500,0.7565303104977822,71693
949,48,1.1,45,0.050,0.500,0.7366744271535351,55380
950,8,1.02,70,0.050,0.500,0.7724307692307693,14092
951,8,1.05,70,0.050,0.500,0.807621614998162,13367
952,8,1.1,70,0.050,0.500,0.7981068626229917,20160
953,8,1.2,70,0.050,0.500,0.8048870333988212,23557
954,8,1.3,70,0.050,0.500,0.7758873929008568,19938
955,8,1.35,70,0.050,0.500,0.7993138936535163,30290
956,8,1.375,70,0.050,0.500,0.8188325311612983,17262
957,8,1.4,70,0.050,0.500,0.8193794631864073,25801
958,8,1.425,70,0.050,0.500,0.7685600398604883,25720
959,8,1.45,70,0.050,0.500,0.7769353063470711,15128
960,8,1.5,70,0.050,0.500,0.7489314934668457,19625
961,8,1.7,70,0.050,0.500,0.7217401930832213,21636
962,8,1.85,70,0.050,0.500,0.7671689723320159,15463
963,16,1.02,70,0.050,0.500,0.7853325046612804,33904
964,16,1.05,70,0.050,0.500,0.7787741063751382,39742
965,16,1.1,70,0.050,0.500,0.800875,39037
966,16,1.2,70,0.050,0.500,0.7560915275200989,32332
967,16,1.3,70,0.050,0.500,0.704322557210316,26848
968,16,1.35,70,0.050,0.500,0.7003565719906554,25536
969,16,1.375,70,0.050,0.500,0.7169740777666999,25020
970,28,1.02,70,0.050,0.500,0.7776669990029911,52812
971,28,1.05,70,0.050,0.500,0.7788625823773493,48636
972,28,1.1,70,0.050,0.500,0.7409653465346535,40580
973,28,1.2,70,0.050,0.500,0.6814796425024826,31402
974,48,1.02,70,0.050,0.500,0.7721951219512195,77992
975,48,1.05,70,0.050,0.500,0.7007450836692317,72006
976,48,1.1,70,0.050,0.500,0.6867766559960601,55632
977,8,1.02,10,0.080,0.330,0.7160677713647365,10120
978,8,1.05,10,0.080,0.330,0.7270215509301897,8503
979,8,1.1,10,0.080,0.330,0.7250421427233564,9442
980,8,1.2,10,0.080,0.330,0.7604655528440023,8711
981,8,1.3,10,0.080,0.330,0.789051094890511,9148
982,8,1.35,10,0.080,0.330,0.7692879717419595,9603
983,8,1.375,10,0.080,0.330,0.7504621072088724,9783
984,8,1.4,10,0.080,0.330,0.789795918367347,10082
985,8,1.425,10,0.080,0.330,0.7855685401595252,9681
986,8,1.45,10,0.080,0.330,0.8012125665993018,9522
987,8,1.5,10,0.080,0.330,0.790146323393221,10294
988,8,1.7,10,0.080,0.330,0.7281393217231897,11458
989,8,1.85,10,0.080,0.330,0.8087349397590361,11888
990,8,2.0,10,0.080,0.330,0.8239098300073909,10398
991,8,2.2,10,0.080,0.330,0.7402889848001502,11219
992,8,2.4,10,0.080,0.330,0.727773556231003,10863
993,16,1.02,10,0.080,0.330,0.7203296703296703,17783
994,16,1.05,10,0.080,0.330,0.7335813953488373,21405
995,16,1.1,10,0.080,0.330,0.7661395348837209,19701
996,16,1.2,10,0.080,0.330,0.8084291187739464,22492
997,16,1.3,10,0.080,0.330,0.8013145539906104,22457
998,16,1.35,10,0.080,0.330,0.7829939668174962,19328
999,16,1.375,10,0.080,0.330,0.7661214514006393,24098
1000,16,1.4,10,0.080,0.330,0.7717391304347826,23746
1001,16,1.425,10,0.080,0.330,0.774277726001864,24205
1002,16,1.45,10,0.080,0.330,0.812861136999068,25480
1003,16,1.5,10,0.080,0.330,0.7780683728750234,23701
1004,28,1.02,10,0.080,0.330,0.7253104106972302,33888
1005,28,1.05,10,0.080,0.330,0.7468666919863274,31244
1006,28,1.1,10,0.080,0.330,0.7876222723852521,29270
1007,28,1.2,10,0.080,0.330,0.8083379450285925,28700
1008,48,1.02,10,0.080,0.330,0.7061103932065719,49593
1009,48,1.05,10,0.080,0.330,0.76937441643324,42566
1010,48,1.1,10,0.080,0.330,0.7911296436694466,49252
1011,8,1.02,20,0.080,0.330,0.7447611855767415,10565
1012,8,1.05,20,0.080,0.330,0.7313795034534254,9556
1013,8,1.1,20,0.080,0.330,0.7622377622377622,9312
1014,8,1.2,20,0.080,0.330,0.782648569332355,9584
1015,8,1.3,20,0.080,0.330,0.794632660829844,9919
1016,8,1.35,20,0.080,0.330,0.7912332838038633,10887
1017,8,1.375,20,0.080,0.330,0.8065727699530516,10303
1018,8,1.4,20,0.080,0.330,0.8067991826119264,11620
1019,8,1.425,20,0.080,0.330,0.8260063068076424,11932
1020,8,1.45,20,0.080,0.330,0.708848893888264,12158
1021,8,1.5,20,0.080,0.330,0.8080282475376324,12484
1022,8,1.7,20,0.080,0.330,0.8193986065273194,11782
1023,8,1.85,20,0.080,0.330,0.7832521543649307,11818
1024,8,2.0,20,0.080,0.330,0.7497202536367027,11466
1025,8,2.2,20,0.080,0.330,0.7417293233082707,13903
1026,16,1.02,20,0.080,0.330,0.6600556070435588,21310
1027,16,1.05,20,0.080,0.330,0.7519437245464643,19461
1028,16,1.1,20,0.080,0.330,0.7837888431299139,22335
1029,16,1.2,20,0.080,0.330,0.7917986952469711,21444
1030,16,1.3,20,0.080,0.330,0.8272162619988707,23622
1031,16,1.35,20,0.080,0.330,0.7951692658805629,24057
1032,16,1.375,20,0.080,0.330,0.8208348725526413,23173
1033,16,1.4,20,0.080,0.330,0.7632913770430209,21760
1034,16,1.425,20,0.080,0.330,0.7487008166295471,22156
1035,16,1.45,20,0.080,0.330,0.7266917293233083,23428
1036,28,1.02,20,0.080,0.330,0.7449651797477884,27194
1037,28,1.05,20,0.080,0.330,0.7764220011263375,26850
1038,28,1.1,20,0.080,0.330,0.8172830465031125,34199
1039,28,1.2,20,0.080,0.330,0.7703412073490814,27438
1040,48,1.02,20,0.080,0.330,0.7606373008434865,47888
1041,48,1.05,20,0.080,0.330,0.6919799962956102,51884
1042,48,1.1,20,0.080,0.330,0.8402167819099233,41950
1043,8,1.02,45,0.080,0.330,0.7628960943257185,10619
1044,8,1.05,45,0.080,0.330,0.7753429878048781,10312
1045,8,1.1,45,0.080,0.330,0.7819433817903596,11526
1046,8,1.2,45,0.080,0.330,0.7992565055762082,11378
1047,8,1.3,45,0.080,0.330,0.8005597014925373,12472
1048,8,1.35,45,0.080,0.330,0.8071481757259866,9835
1049,8,1.375,45,0.080,0.330,0.7946969696969697,10965
1050,8,1.4,45,0.080,0.330,0.7865356083086054,10013
1051,8,1.425,45,0.080,0.330,0.8004737609329446,12219
1052,8,1.45,45,0.080,0.330,0.8128765060240963,12584
1053,8,1.5,45,0.080,0.330,0.7930713354442168,12725
1054,8,1.7,45,0.080,0.330,0.7889221556886228,11755
1055,8,1.85,45,0.080,0.330,0.7939765969691157,11868
1056,8,2.0,45,0.080,0.330,0.7368617916588741,14393
1057,16,1.02,45,0.080,0.330,0.7729387679136422,19538
1058,16,1.05,45,0.080,0.330,0.7798625301876277,19719
1059,16,1.1,45,0.080,0.330,0.7926873857404022,24558
1060,16,1.2,45,0.080,0.330,0.7939745508982036,26632
1061,16,1.3,45,0.080,0.330,0.7902837010940108,20497
1062,16,1.35,45,0.080,0.330,0.7481676376620936,19249
1063,16,1.375,45,0.080,0.330,0.7476899867999246,22248
1064,16,1.4,45,0.080,0.330,0.7563163676309045,22655
1065,28,1.02,45,0.080,0.330,0.7739420935412027,28569
1066,28,1.05,45,0.080,0.330,0.7839494705554524,36077
1067,28,1.1,45,0.080,0.330,0.7706631198935968,31188
1068,28,1.2,45,0.080,0.330,0.7242165242165243,24152
1069,48,1.02,45,0.080,0.330,0.6697771852980384,53797
1070,48,1.05,45,0.080,0.330,0.7676294073518379,51454
1071,48,1.1,45,0.080,0.330,0.7512982195845698,41590
1072,8,1.02,70,0.080,0.330,0.7766749379652605,10467
1073,8,1.05,70,0.080,0.330,0.763068822865739,9729
1074,8,1.1,70,0.080,0.330,0.7825592417061611,11049
1075,8,1.2,70,0.080,0.330,0.8059810357403355,9951
1076,8,1.3,70,0.080,0.330,0.7929186602870814,12856
1077,8,1.35,70,0.080,0.330,0.7888326775341953,11079
1078,8,1.375,70,0.080,0.330,0.8005274062912037,12382
1079,8,1.4,70,0.080,0.330,0.7958840037418148,12035
1080,8,1.425,70,0.080,0.330,0.8019241652518393,14075
1081,8,1.45,70,0.080,0.330,0.8082763857251328,13517
1082,8,1.5,70,0.080,0.330,0.8153178645538578,12560
1083,8,1.7,70,0.080,0.330,0.74487895716946,13893
1084,8,1.85,70,0.080,0.330,0.737058493739488,11363
1085,16,1.02,70,0.080,0.330,0.7786777170841966,21924
1086,16,1.05,70,0.080,0.330,0.7802013422818792,31012
1087,16,1.1,70,0.080,0.330,0.7858620041361158,27015
1088,16,1.2,70,0.080,0.330,0.7782664467656222,22625
1089,16,1.3,70,0.080,0.330,0.6735866543095459,19349
1090,16,1.35,70,0.080,0.330,0.7042517325341824,18522
1091,16,1.375,70,0.080,0.330,0.7311320754716981,18289
1092,28,1.02,70,0.080,0.330,0.7807545106615636,41994
1093,28,1.05,70,0.080,0.330,0.7837837837837838,33014
1094,28,1.1,70,0.080,0.330,0.7458615500376222,26640
1095,28,1.2,70,0.080,0.330,0.6676056338028169,24613
1096,48,1.02,70,0.080,0.330,0.7777364802081398,55758
1097,48,1.05,70,0.080,0.330,0.708364312267658,47920
1098,48,1.1,70,0.080,0.330,0.7021710892558917,36124
1099,8,1.02,10,0.080,0.500,0.725668055896053,13388
1100,8,1.05,10,0.080,0.500,0.6546886537041595,13408
1101,8,1.1,10,0.080,0.500,0.7261013621303227,12835
1102,8,1.2,10,0.080,0.500,0.7586291011098915,13820
1103,8,1.3,10,0.080,0.500,0.7846688166708012,12817
1104,8,1.35,10,0.080,0.500,0.6959950708564387,13012
1105,8,1.375,10,0.080,0.500,0.7889634601043997,13375
1106,8,1.4,10,0.080,0.500,0.7925182707791404,16594
1107,8,1.425,10,0.080,0.500,0.797962226640159,14177
1108,8,1.45,10,0.080,0.500,0.7955719557195572,14705
1109,8,1.5,10,0.080,0.500,0.7997072456696755,14343
1110,8,1.7,10,0.080,0.500,0.8071553228621291,17453
1111,8,1.85,10,0.080,0.500,0.8162430254184749,16645
1112,8,2.0,10,0.080,0.500,0.7926919291338582,20036
1113,8,2.2,10,0.080,0.500,0.7880207049543998,18812
1114,8,2.4,10,0.080,0.500,0.7459439528023599,15038
1115,16,1.02,10,0.080,0.500,0.687033182319089,29679
1116,16,1.05,10,0.080,0.500,0.6702036833760214,39067
1117,16,1.1,10,0.080,0.500,0.7672862453531598,25736
1118,16,1.2,10,0.080,0.500,0.7951123179461861,48880
1119,16,1.3,10,0.080,0.500,0.7848320158102767,41119
1120,16,1.35,10,0.080,0.500,0.810914490780844,31789
1121,16,1.375,10,0.080,0.500,0.7631349057781106,34967
1122,16,1.4,10,0.080,0.500,0.7798232695139912,28422
1123,16,1.425,10,0.080,0.500,0.7322532772693544,31583
1124,16,1.45,10,0.080,0.500,0.7946606786427146,32314
1125,16,1.5,10,0.080,0.500,0.7697095435684648,29697
1126,28,1.02,10,0.080,0.500,0.6604748431541395,43843
1127,28,1.05,10,0.080,0.500,0.755219847703267,44831
1128,28,1.1,10,0.080,0.500,0.785406138296561,49739
1129,28,1.2,10,0.080,0.500,0.8246713355449072,43493
1130,48,1.02,10,0.080,0.500,0.7363013698630136,69993
1131,48,1.05,10,0.080,0.500,0.7851514405318887,70455
1132,48,1.1,10,0.080,0.500,0.7909035033804548,65373
1133,8,1.02,20,0.080,0.500,0.6749391727493917,14949
1134,8,1.05,20,0.080,0.500,0.7529455537641077,14239
1135,8,1.1,20,0.080,0.500,0.7577854671280276,14031
1136,8,1.2,20,0.080,0.500,0.7588089330024814,13688
1137,8,1.3,20,0.080,0.500,0.8026640355204736,15241
1138,8,1.35,20,0.080,0.500,0.7996275605214153,20894
1139,8,1.375,20,0.080,0.500,0.8055248618784531,15974
1140,8,1.4,20,0.080,0.500,0.8115587118893106,15073
1141,8,1.425,20,0.080,0.500,0.7948813982521847,16066
1142,8,1.45,20,0.080,0.500,0.7842092216162617,17873
1143,8,1.5,20,0.080,0.500,0.8105404416249847,17934
1144,8,1.7,20,0.080,0.500,0.8395577395577396,15425
1145,8,1.85,20,0.080,0.500,0.7630904430611498,15479
1146,8,2.0,20,0.080,0.500,0.7785776343552191,15932
1147,8,2.2,20,0.080,0.500,0.734788029925187,16581
1148,16,1.02,20,0.080,0.500,0.7432183625874555,33365
1149,16,1.05,20,0.080,0.500,0.7621794085163823,26196
1150,16,1.1,20,0.080,0.500,0.7735100978813034,33796
1151,16,1.2,20,0.080,0.500,0.8186915887850468,35096
1152,16,1.3,20,0.080,0.500,0.8329452138742492,34679
1153,16,1.35,20,0.080,0.500,0.7706593543562259,26082
1154,16,1.375,20,0.080,0.500,0.7902907836372597,27512
1155,16,1.4,20,0.080,0.500,0.7775470315172245,30165
1156,16,1.425,20,0.080,0.500,0.7646191646191646,31806
1157,16,1.45,20,0.080,0.500,0.7463571252161028,30621
1158,28,1.02,20,0.080,0.500,0.7471080482402166,44754
1159,28,1.05,20,0.080,0.500,0.7814262438902118,46960
1160,28,1.1,20,0.080,0.500,0.8014227891573654,52657
1161,28,1.2,20,0.080,0.500,0.7739861523244312,42526
1162,48,1.02,20,0.080,0.500,0.7856160100062539,78953
1163,48,1.05,20,0.080,0.500,0.82115931281671,84983
1164,48,1.1,20,0.080,0.500,0.8200391485196966,60346
1165,8,1.02,45,0.080,0.500,0.7717136873229026,14901
1166,8,1.05,45,0.080,0.500,0.7806355879807098,15256
1167,8,1.1,45,0.080,0.500,0.789108051110284,13836
1168,8,1.2,45,0.080,0.500,0.7921544209215442,15982
1169,8,1.3,45,0.080,0.500,0.8115853658536586,14276
1170,8,1.35,45,0.080,0.500,0.7911353225207379,15779
1171,8,1.375,45,0.080,0.500,0.7889919604205319,18968
1172,8,1.4,45,0.080,0.500,0.7986352357320099,18740
1173,8,1.425,45,0.080,0.500,0.812183993094093,20702
1174,8,1.45,45,0.080,0.500,0.8184733012701936,17687
1175,8,1.5,45,0.080,0.500,0.7985620428907897,15094
1176,8,1.7,45,0.080,0.500,0.7789253657936801,16844
1177,8,1.85,45,0.080,0.500,0.7763157894736842,23640
1178,8,2.0,45,0.080,0.500,0.6908177025867354,17057
1179,16,1.02,45,0.080,0.500,0.7804074661461511,33799
1180,16,1.05,45,0.080,0.500,0.7694956949569496,35906
1181,16,1.1,45,0.080,0.500,0.7958783120706575,31057
1182,16,1.2,45,0.080,0.500,0.7877675840978593,33613
1183,16,1.3,45,0.080,0.500,0.7721159777914868,28480
1184,16,1.35,45,0.080,0.500,0.7549587285943082,30646
1185,16,1.375,45,0.080,0.500,0.7189048562933598,25014
1186,16,1.4,45,0.080,0.500,0.7527040314650935,29118
1187,28,1.02,45,0.080,0.500,0.7741144748130898,45251
1188,28,1.05,45,0.080,0.500,0.7112095484188508,51194
1189,28,1.1,45,0.080,0.500,0.7691647246412363,44503
1190,28,1.2,45,0.080,0.500,0.7143209267931969,34378
1191,48,1.02,45,0.080,0.500,0.7809855649576904,78223
1192,48,1.05,45,0.080,0.500,0.7719145766078968,72047
1193,48,1.1,45,0.080,0.500,0.7465829331363133,54577
1194,8,1.02,70,0.080,0.500,0.7501226692836114,11691
1195,8,1.05,70,0.080,0.500,0.7876728949284154,12464
1196,8,1.1,70,0.080,0.500,0.7679408138101109,18655
1197,8,1.2,70,0.080,0.500,0.7965144820814923,14120
1198,8,1.3,70,0.080,0.500,0.781898563183102,18707
1199,8,1.35,70,0.080,0.500,0.7889379445670837,14464
1200,8,1.375,70,0.080,0.500,0.7987157322795752,22521
1201,8,1.4,70,0.080,0.500,0.8142787046123651,15534
1202,8,1.425,70,0.080,0.500,0.8008313974813547,16200
1203,8,1.45,70,0.080,0.500,0.7748222603579309,15313
1204,8,1.5,70,0.080,0.500,0.8217932752179328,16317
1205,8,1.7,70,0.080,0.500,0.7459948636419225,25668
1206,8,1.85,70,0.080,0.500,0.7413793103448276,16569
1207,16,1.02,70,0.080,0.500,0.7785634536657983,31493
1208,16,1.05,70,0.080,0.500,0.7775717111770524,38480
1209,16,1.1,70,0.080,0.500,0.7738436603914723,35599
1210,16,1.2,70,0.080,0.500,0.7808539436446413,36298
1211,16,1.3,70,0.080,0.500,0.7051376597836775,28827
1212,16,1.35,70,0.080,0.500,0.7257686134090628,29825
1213,16,1.375,70,0.080,0.500,0.7165538461538462,23912
1214,28,1.02,70,0.080,0.500,0.7704294478527607,45865
1215,28,1.05,70,0.080,0.500,0.7621534253388039,48800
1216,28,1.1,70,0.080,0.500,0.7520935960591133,45622
1217,28,1.2,70,0.080,0.500,0.6918012422360248,33856
1218,48,1.02,70,0.080,0.500,0.770998023715415,79563
1219,48,1.05,70,0.080,0.500,0.7187890918188642,63128
1220,48,1.1,70,0.080,0.500,0.6896636085626912,54619
